{
    "id": "53e7ac89-c1fe-4dc2-b91a-3d1115522b24",
    "itemsData": [
        {
            "id": "CSS1",
            "group": "4ff861bd-6036-40b6-97c2-26b99644f9fd",
            "displayName": "Abandoned",
            "color": "rgb(229, 39, 39)",
            "textColor": "rgb(255, 255, 255)",
            "icon": "",
            "avatar": "",
            "previewImage": "",
            "infoPopupOnHover": false,
            "version": "0e5e72f1-6096-41a6-b4f3-bbbe895edf45"
        },
        {
            "id": "CSS2",
            "group": "4ff861bd-6036-40b6-97c2-26b99644f9fd",
            "displayName": "Completed",
            "color": "rgb(70, 220, 44)",
            "textColor": "rgb(255, 255, 255)",
            "icon": "",
            "avatar": "",
            "previewImage": "",
            "infoPopupOnHover": false,
            "version": "0579498b-2a45-48ba-a868-9321179f571a"
        },
        {
            "id": "CSS3",
            "group": "4ff861bd-6036-40b6-97c2-26b99644f9fd",
            "displayName": "On hold",
            "color": "rgb(235, 217, 112)",
            "textColor": "rgb(35, 35, 35)",
            "icon": "",
            "avatar": "",
            "previewImage": "",
            "infoPopupOnHover": false,
            "version": "1eb114ce-e980-4f49-a1c8-3f79fd7ab771"
        },
        {
            "id": "CSS4",
            "group": "4ff861bd-6036-40b6-97c2-26b99644f9fd",
            "displayName": "In progress",
            "color": "rgb(48, 43, 179)",
            "textColor": "rgb(255, 255, 255)",
            "icon": "",
            "avatar": "",
            "previewImage": "",
            "infoPopupOnHover": false,
            "version": "b58a8691-4a6c-4bfb-85cc-51ae26d2a479"
        }
    ],
    "groupData": {
        "id": "4ff861bd-6036-40b6-97c2-26b99644f9fd",
        "name": "Common Status",
        "prefix": "CSS"
    },
    "name": "Common Status",
    "version": "6679f102-f96d-40d2-98a7-959ffa0e0871",
    "contentType": "tags",
    "remotePath": "packs/tags/4ff861bd-6036-40b6-97c2-26b99644f9fd.zip"
}