{
    "id": "aa4c00ed-f58e-4f63-9d60-3841174fc2b6",
    "itemsData": [
        {
            "id": "2bfc81c4-0179-4828-b92a-ad4c39edbca6",
            "group": "a0bfd4d7-aa78-42a8-b232-d849d003a453",
            "code": "version",
            "name": "Version",
            "type": "TEXT",
            "typeConfig": {},
            "description": "",
            "color": "",
            "textColor": "",
            "filterType": null,
            "version": "5ffb6917-a636-46d9-ab12-5b4acd3cc0c6"
        },
        {
            "id": "222111d3-482b-43ed-9b5d-484216b02c07",
            "group": "a0bfd4d7-aa78-42a8-b232-d849d003a453",
            "code": "gameLanguage",
            "name": "Game Language",
            "type": "SELECT",
            "typeConfig": {
                "options": [],
                "dataBucketId": "09967fb9-f4f4-4a61-ab25-6a73c0cffea7",
                "isMultiple": true
            },
            "description": "",
            "color": "",
            "textColor": "",
            "filterType": null,
            "version": "49062687-016f-4877-8bb4-ba505459fdfe"
        },
        {
            "id": "16060d69-0f86-49a9-b71e-dda37bf924ce",
            "group": "a0bfd4d7-aa78-42a8-b232-d849d003a453",
            "code": "interfaceLanguage",
            "name": "Interface Language",
            "type": "SELECT",
            "typeConfig": {
                "options": [],
                "dataBucketId": "09967fb9-f4f4-4a61-ab25-6a73c0cffea7",
                "isMultiple": true
            },
            "description": "",
            "color": "",
            "textColor": "",
            "filterType": null,
            "version": "228d64cc-1a8d-4fd0-a0b9-607d7e9fdc7f"
        },
        {
            "id": "2cfa93dc-0980-4cc7-866b-e1ef82ae42a7",
            "group": "a0bfd4d7-aa78-42a8-b232-d849d003a453",
            "code": "voiceLanguage",
            "name": "Voice Language",
            "type": "SELECT",
            "typeConfig": {
                "options": [],
                "dataBucketId": "09967fb9-f4f4-4a61-ab25-6a73c0cffea7",
                "isMultiple": true
            },
            "description": "",
            "color": "",
            "textColor": "",
            "filterType": null,
            "version": "d8efea70-7b87-47d0-9d17-30f3c568f327"
        }
    ],
    "groupData": {
        "id": "a0bfd4d7-aa78-42a8-b232-d849d003a453",
        "name": "Games"
    },
    "name": "Games",
    "version": "85081ce2-c51f-495a-82a3-17e4733c31af",
    "remotePath": "packs/meta-options/a0bfd4d7-aa78-42a8-b232-d849d003a453.zip",
    "contentType": "meta_options",
    "remoteDependencies": {
        "dataBuckets": [
            {
                "id": "288dc47a-ae99-4f2b-ae20-53c56616d24b",
                "remoteBaseUrl": "https://github.com/SmartManager7/smart-manager-remote-storage",
                "remotePath": "packs/data-buckets/bc69580c-6663-43fa-85a6-38650ff7423e.zip"
            }
        ]
    }
}