{
    "id": "d2d49f49-f395-4760-8c4d-daff15488053",
    "itemsData": [
        {
            "id": "GE1",
            "group": "9a7b6538-c6ca-44af-9803-c31aefcec255",
            "displayName": "ADRIFT",
            "color": "",
            "textColor": "",
            "icon": null,
            "avatar": null,
            "previewImage": null,
            "infoPopupOnHover": null,
            "version": "e2f7dc59-7797-4985-84d9-8804e51429d0"
        },
        {
            "id": "GE2",
            "group": "9a7b6538-c6ca-44af-9803-c31aefcec255",
            "displayName": "Flash",
            "color": "",
            "textColor": "",
            "icon": null,
            "avatar": null,
            "previewImage": null,
            "infoPopupOnHover": null,
            "version": "558434a4-8112-4c0d-9abf-47ff443a7462"
        },
        {
            "id": "GE3",
            "group": "9a7b6538-c6ca-44af-9803-c31aefcec255",
            "displayName": "HTML",
            "color": "",
            "textColor": "",
            "icon": null,
            "avatar": null,
            "previewImage": null,
            "infoPopupOnHover": null,
            "version": "4f80a5a1-3243-437f-afba-937483e4e085"
        },
        {
            "id": "GE4",
            "group": "9a7b6538-c6ca-44af-9803-c31aefcec255",
            "displayName": "Java",
            "color": "",
            "textColor": "",
            "icon": null,
            "avatar": null,
            "previewImage": null,
            "infoPopupOnHover": null,
            "version": "8e0b1627-e2fb-4ba9-84a7-5db8e691b2bf"
        },
        {
            "id": "GE5",
            "group": "9a7b6538-c6ca-44af-9803-c31aefcec255",
            "displayName": "Others",
            "color": "",
            "textColor": "",
            "icon": null,
            "avatar": null,
            "previewImage": null,
            "infoPopupOnHover": null,
            "version": "4603d048-dd2b-4740-8ede-5a8e8b4f7c0e"
        },
        {
            "id": "GE6",
            "group": "9a7b6538-c6ca-44af-9803-c31aefcec255",
            "displayName": "QSP",
            "color": "",
            "textColor": "",
            "icon": null,
            "avatar": null,
            "previewImage": null,
            "infoPopupOnHover": null,
            "version": "c1e5155f-9396-42ed-be38-74692da382ef"
        },
        {
            "id": "GE7",
            "group": "9a7b6538-c6ca-44af-9803-c31aefcec255",
            "displayName": "RAGS",
            "color": "",
            "textColor": "",
            "icon": null,
            "avatar": null,
            "previewImage": null,
            "infoPopupOnHover": null,
            "version": "873f6981-f020-4a1d-a24e-121e903a198d"
        },
        {
            "id": "GE8",
            "group": "9a7b6538-c6ca-44af-9803-c31aefcec255",
            "displayName": "RPGM",
            "color": "",
            "textColor": "",
            "icon": null,
            "avatar": null,
            "previewImage": null,
            "infoPopupOnHover": null,
            "version": "2aa378cf-8e30-4a1b-b40d-c624178fa941"
        },
        {
            "id": "GE9",
            "group": "9a7b6538-c6ca-44af-9803-c31aefcec255",
            "displayName": "Ren'Py",
            "color": "",
            "textColor": "",
            "icon": null,
            "avatar": null,
            "previewImage": null,
            "infoPopupOnHover": null,
            "version": "f007e24e-293e-41b0-8d0a-d03a4b8932b3"
        },
        {
            "id": "GE10",
            "group": "9a7b6538-c6ca-44af-9803-c31aefcec255",
            "displayName": "Tads",
            "color": "",
            "textColor": "",
            "icon": null,
            "avatar": null,
            "previewImage": null,
            "infoPopupOnHover": null,
            "version": "b86527a4-4058-4fef-893f-c3b42dcdf654"
        },
        {
            "id": "GE11",
            "group": "9a7b6538-c6ca-44af-9803-c31aefcec255",
            "displayName": "Unity",
            "color": "",
            "textColor": "",
            "icon": null,
            "avatar": null,
            "previewImage": null,
            "infoPopupOnHover": null,
            "version": "e00dbe4a-4541-45dc-bd4d-012565fe8f23"
        },
        {
            "id": "GE12",
            "group": "9a7b6538-c6ca-44af-9803-c31aefcec255",
            "displayName": "Unreal Engine",
            "color": "",
            "textColor": "",
            "icon": null,
            "avatar": null,
            "previewImage": null,
            "infoPopupOnHover": null,
            "version": "bbb66fd9-3c0f-45df-842c-9aa147e7a542"
        },
        {
            "id": "GE13",
            "group": "9a7b6538-c6ca-44af-9803-c31aefcec255",
            "displayName": "WebGL",
            "color": "",
            "textColor": "",
            "icon": null,
            "avatar": null,
            "previewImage": null,
            "infoPopupOnHover": null,
            "version": "9da5f243-7dc7-4977-b0e5-d84e384a97af"
        },
        {
            "id": "GE14",
            "group": "9a7b6538-c6ca-44af-9803-c31aefcec255",
            "displayName": "APK",
            "color": "",
            "textColor": "",
            "icon": "",
            "avatar": "",
            "previewImage": "",
            "infoPopupOnHover": false,
            "version": "ff736326-e91d-446d-9f99-9b9fc1a57d9a"
        },
        {
            "id": "GE15",
            "group": "9a7b6538-c6ca-44af-9803-c31aefcec255",
            "displayName": "Wolf RPG",
            "color": "",
            "textColor": "",
            "icon": "",
            "avatar": "",
            "previewImage": "",
            "infoPopupOnHover": false,
            "version": "b21e673e-ab83-4b63-a698-f358cac3bba3"
        }
    ],
    "groupData": {
        "id": "9a7b6538-c6ca-44af-9803-c31aefcec255",
        "name": "Games Engine",
        "prefix": "GE"
    },
    "name": "Games Engine",
    "version": "a9075539-7b54-4c43-a451-f35099390b3e",
    "contentType": "tags",
    "remotePath": "packs/tags/9a7b6538-c6ca-44af-9803-c31aefcec255.zip"
}