{
    "id": "45116f90-102e-4a86-b7d6-4b8a83538144",
    "itemsData": [
        {
            "id": "4be75554-2759-4dab-9b31-56ee86d5b64d",
            "group": "7f4094ae-cee4-4715-8751-e43501b35236",
            "code": "pages",
            "name": "Pages",
            "type": "NUMBER",
            "typeConfig": {},
            "description": "",
            "color": "",
            "textColor": "",
            "filterType": "range",
            "version": "77b0cc1d-fbc9-4458-b2e5-00e476fb5bb4"
        }
    ],
    "groupData": {
        "id": "7f4094ae-cee4-4715-8751-e43501b35236",
        "name": "Manga"
    },
    "name": "Manga",
    "version": "d2a65c7e-b4bd-4b42-b70f-3d61cbed61a9",
    "remotePath": "packs/meta-options/7f4094ae-cee4-4715-8751-e43501b35236.zip",
    "contentType": "meta_options",
    "remoteDependencies": null
}