{
    "itemsData": [
        {
            "id": "16d1e034-d0cc-437a-9d1e-fac47679386f",
            "group": "8e66efeb-8f7f-4d41-b96a-10529489a82a",
            "code": "published",
            "name": "Published",
            "type": "TEXT",
            "typeConfig": {},
            "description": "",
            "color": "",
            "textColor": "",
            "filterType": "range"
        },
        {
            "id": "77d72005-028a-4345-b291-2e26c98258ad",
            "group": "8e66efeb-8f7f-4d41-b96a-10529489a82a",
            "code": "pages",
            "name": "Pages",
            "type": "TEXT",
            "typeConfig": {},
            "description": "",
            "color": "",
            "textColor": "",
            "filterType": "range"
        },
        {
            "id": "cb80aec3-af98-44c7-9ad7-16da379798be",
            "group": "8e66efeb-8f7f-4d41-b96a-10529489a82a",
            "code": "1",
            "name": "1",
            "type": "SELECT",
            "typeConfig": {
                "options": [
                    {
                        "id": "748516b2-98f1-4de0-af6d-3e0e43971cfa",
                        "name": "1",
                        "value": "1"
                    }
                ],
                "dataBucketId": "328675ce-1507-4102-a7d7-dc48589b76dd",
                "isMultiple": false
            },
            "description": "",
            "color": "",
            "textColor": "",
            "filterType": "select"
        },
        {
            "id": "7bd9e971-4b8a-42c0-a636-7c67ca33d478",
            "group": "8e66efeb-8f7f-4d41-b96a-10529489a82a",
            "code": "123",
            "name": "123",
            "type": "SELECT",
            "typeConfig": {
                "options": [
                    {
                        "id": "4375fbd4-aaec-4952-8c22-e9b497a41fa4",
                        "name": "111",
                        "value": "111"
                    },
                    {
                        "id": "7a4276af-b27d-46f8-8442-02be8a0caba1",
                        "name": "222",
                        "value": "222"
                    },
                    {
                        "id": "395a3805-0c3b-4066-bba1-c3cca6865ab1",
                        "name": "333",
                        "value": "333"
                    }
                ],
                "dataBucketId": "873f4885-bebb-4bbf-b836-0a1e67ebca32",
                "isMultiple": true
            },
            "description": "",
            "color": "rgb(51, 70, 177)",
            "textColor": "rgb(255, 255, 255)",
            "filterType": "select"
        },
        {
            "id": "9a758538-3266-4def-a604-9e5297871096",
            "group": "8e66efeb-8f7f-4d41-b96a-10529489a82a",
            "code": "select111",
            "name": "Select 11",
            "type": "SELECT",
            "typeConfig": {
                "options": [
                    {
                        "id": "d47ed24c-75bc-4700-a6eb-ea55bd3e7748",
                        "name": "1",
                        "value": "11"
                    },
                    {
                        "id": "9457da82-4914-417e-b7bb-8ee17dcffff0",
                        "name": "2",
                        "value": "21"
                    },
                    {
                        "id": "1526857c-36cc-4c33-8504-6561c722b15a",
                        "name": "3",
                        "value": "31"
                    }
                ],
                "dataBucketId": null,
                "isMultiple": true
            },
            "description": "",
            "color": "",
            "textColor": "",
            "filterType": "select"
        },
        {
            "id": "53c8f514-f286-48f3-a113-27043c0b4017",
            "group": "8e66efeb-8f7f-4d41-b96a-10529489a82a",
            "code": "select222",
            "name": "Select 22",
            "type": "SELECT",
            "typeConfig": {
                "options": [
                    {
                        "id": "ac18040f-5a52-4ef5-8713-650273ff2f86",
                        "name": "1",
                        "value": "1"
                    },
                    {
                        "id": "28558f90-8c5c-4457-b940-dc6095cfeba7",
                        "name": "2",
                        "value": "2"
                    },
                    {
                        "id": "8c71d979-58fe-482f-9cde-4071c1468dac",
                        "name": "3",
                        "value": "33312"
                    }
                ],
                "dataBucketId": null,
                "isMultiple": false
            },
            "description": "",
            "color": "",
            "textColor": "",
            "filterType": "select"
        },
        {
            "id": "5f2384b9-3696-42f4-9ed7-441f4226c40a",
            "group": "8e66efeb-8f7f-4d41-b96a-10529489a82a",
            "code": "testdbc1",
            "name": "Test with delete dbc",
            "type": "SELECT",
            "typeConfig": {
                "options": [],
                "dataBucketId": null,
                "isMultiple": false
            },
            "description": "",
            "color": "",
            "textColor": "",
            "filterType": "checkbox"
        },
        {
            "id": "8996d3c0-8223-40df-b404-d82309981979",
            "group": "8e66efeb-8f7f-4d41-b96a-10529489a82a",
            "code": "something",
            "name": "Is something",
            "type": "BOOLEAN",
            "typeConfig": {},
            "description": "",
            "color": "",
            "textColor": "",
            "filterType": "checkbox"
        }
    ],
    "groupsData": [
        {
            "id": "8e66efeb-8f7f-4d41-b96a-10529489a82a",
            "name": "MOG 1 - 11"
        }
    ],
    "id": "8e66efeb-8f7f-4d41-b96a-10529489a82a",
    "version": "877833b9-36c8-4c36-a3cb-4006f66ffad0",
    "remoteBaseUrl": "https://github.com/SmartManager7/smart-manager-remote-storage",
    "remotePath": "packs/meta-options/8e66efeb-8f7f-4d41-b96a-10529489a82a.zip"
}