{
    "id": "288dc47a-ae99-4f2b-ae20-53c56616d24b",
    "itemsData": [
        {
            "id": "09967fb9-f4f4-4a61-ab25-6a73c0cffea7",
            "group": "bc69580c-6663-43fa-85a6-38650ff7423e",
            "name": "Language",
            "type": "select_options",
            "typeConfig": [
                {
                    "id": "10b6ad0f-28f6-46f0-9cc1-71927f60a4a3",
                    "name": "English",
                    "value": "lang_eng"
                },
                {
                    "id": "22f73d82-a14a-4705-80b4-64f9ef322f96",
                    "name": "Russian",
                    "value": "lang_rus"
                },
                {
                    "id": "8b9e843d-0089-4fa6-8fac-ca77f9237b31",
                    "name": "Japanese",
                    "value": "lang_jap"
                },
                {
                    "id": "f3681f9e-59bf-48ac-b89e-8f66ad6b34af",
                    "name": "Chinese",
                    "value": "lang_chi"
                },
                {
                    "id": "9d88a10e-7cfc-4acb-9a90-1d7c13ff7832",
                    "name": "Simlish",
                    "value": "lang_simlish"
                },
                {
                    "id": "00b9475d-de0a-4cb0-b3f1-5a445b363094",
                    "name": "Original",
                    "value": "lang_original"
                },
                {
                    "id": "d8c2731b-fb04-4ab6-956d-b76f5d48ae13",
                    "name": "Unknown/missed",
                    "value": "lang_unknown"
                },
                {
                    "id": "e7f63aaf-ea58-45c8-8c34-4c34775b8b82",
                    "name": "Built in",
                    "value": "lang_built_in"
                }
            ],
            "description": "",
            "version": "82562715-45c5-4159-8eeb-0b7e5f868be5"
        }
    ],
    "groupData": {
        "id": "bc69580c-6663-43fa-85a6-38650ff7423e",
        "name": "Common"
    },
    "name": "Common",
    "version": "e74f0f55-7431-4e82-968d-5b7cc6b730eb",
    "contentType": "data_buckets",
    "remotePath": "packs/data-buckets/bc69580c-6663-43fa-85a6-38650ff7423e.zip"
}