{
    "id": "b148b806-19e3-42a0-bb4e-4b57a4579e0e",
    "itemsData": [
        {
            "id": "8ebd50f1-f917-4d85-b9e1-fb0124e59710",
            "group": "8060af20-fee1-4632-9042-ec12bd253f7a",
            "name": "MG_1",
            "contentType": "399f2c79-c6c5-4340-b347-8386b2bf18ff",
            "content": {
                "id": "dfdf5732-cb30-456f-ac5f-04ccbe76c504",
                "content": {
                    "id": "3fb40ec4-52de-4f09-bdef-fade501f3c79",
                    "component": "template",
                    "componentId": "399f2c79-c6c5-4340-b347-8386b2bf18ff",
                    "content": [
                        {
                            "id": "b80458d6-9e1d-4194-b56d-c436c2a7d189",
                            "componentId": "1e71d137-4ea9-471a-9332-b4aae5e6bda9",
                            "component": "rich-text",
                            "position": "",
                            "text": null,
                            "marginLeft": "",
                            "marginTop": "",
                            "marginRight": "",
                            "marginBottom": "",
                            "paddingLeft": "",
                            "paddingTop": "",
                            "paddingRight": "",
                            "paddingBottom": "",
                            "customClass": "",
                            "publicKey": "MG_1_DESCRIPTION"
                        },
                        {
                            "id": "a1dd2110-f7fe-4e30-8be8-d966c841a2c1",
                            "componentId": "272b58c7-f454-4d7f-93f2-d736c1d67ce5",
                            "component": "manga-reader",
                            "marginLeft": "",
                            "marginTop": "",
                            "marginRight": "",
                            "marginBottom": "",
                            "paddingLeft": "",
                            "paddingTop": "",
                            "paddingRight": "",
                            "paddingBottom": "",
                            "directory": "",
                            "publicKey": "MG_1_MANGA_READER",
                            "customClass": "",
                            "volumes": false,
                            "name": "",
                            "readerSettings": "",
                            "mangaData": "",
                            "type": "",
                            "sourceId": "",
                            "subName": "",
                            "numberOfChapters": "",
                            "numberOfUnreadChapters": ""
                        }
                    ]
                }
            }
        }
    ],
    "groupData": {
        "id": "8060af20-fee1-4632-9042-ec12bd253f7a",
        "name": "Common",
        "editable": true,
        "deletable": true
    },
    "name": "Common",
    "version": "655e7288-4de5-4ef1-9126-d17f753e635c",
    "contentType": "templates",
    "remotePath": "packs/templates/8060af20-fee1-4632-9042-ec12bd253f7a.zip"
}