{
    "id": "3567b56f-1aa3-41a1-907d-f5cb1a45621e",
    "itemsData": [
        {
            "id": "GT2",
            "group": "1121fe68-23e8-4a0a-a9ea-070186d25721",
            "displayName": "2DCG",
            "color": "",
            "textColor": "",
            "icon": "",
            "avatar": "",
            "previewImage": "",
            "infoPopupOnHover": false,
            "version": "538a6528-e949-4267-9aa3-7295d9c0bd61"
        },
        {
            "id": "GT4",
            "group": "1121fe68-23e8-4a0a-a9ea-070186d25721",
            "displayName": "3DCG",
            "color": "",
            "textColor": "",
            "icon": "",
            "avatar": "",
            "previewImage": "",
            "infoPopupOnHover": false,
            "version": "43bd99ae-7df2-43d8-80a3-3310eaea5103"
        },
        {
            "id": "GT5",
            "group": "1121fe68-23e8-4a0a-a9ea-070186d25721",
            "displayName": "Fighting",
            "color": "",
            "textColor": "",
            "icon": "",
            "avatar": "",
            "previewImage": "",
            "infoPopupOnHover": false,
            "version": "411aebc1-c067-4df7-9a94-895551fc5e0a"
        },
        {
            "id": "GT6",
            "group": "1121fe68-23e8-4a0a-a9ea-070186d25721",
            "displayName": "3rd person",
            "color": "",
            "textColor": "",
            "icon": "",
            "avatar": "",
            "previewImage": "",
            "infoPopupOnHover": false,
            "version": "c8ae1780-3020-4c45-bb06-5b0d9c9e1e00"
        },
        {
            "id": "GT7",
            "group": "1121fe68-23e8-4a0a-a9ea-070186d25721",
            "displayName": "Add-on",
            "color": "",
            "textColor": "",
            "icon": "",
            "avatar": "",
            "previewImage": "",
            "infoPopupOnHover": false,
            "version": "2c826bb2-0f22-44d5-b8c6-e81ec783c656"
        },
        {
            "id": "GT8",
            "group": "1121fe68-23e8-4a0a-a9ea-070186d25721",
            "displayName": "Arcade",
            "color": "",
            "textColor": "",
            "icon": "",
            "avatar": "",
            "previewImage": "",
            "infoPopupOnHover": false,
            "version": "320c4676-3e23-46fd-9097-1f5e82108904"
        },
        {
            "id": "GT9",
            "group": "1121fe68-23e8-4a0a-a9ea-070186d25721",
            "displayName": "Avatar",
            "color": "",
            "textColor": "",
            "icon": "",
            "avatar": "",
            "previewImage": "",
            "infoPopupOnHover": false,
            "version": "31b0979f-2050-40a7-aa3f-400bd018e10f"
        },
        {
            "id": "GT10",
            "group": "1121fe68-23e8-4a0a-a9ea-070186d25721",
            "displayName": "Battlefuck",
            "color": "",
            "textColor": "",
            "icon": "",
            "avatar": "",
            "previewImage": "",
            "infoPopupOnHover": false,
            "version": "77c14107-2d33-4461-a9a2-d1c52b1271fa"
        },
        {
            "id": "GT11",
            "group": "1121fe68-23e8-4a0a-a9ea-070186d25721",
            "displayName": "Board Game",
            "color": "",
            "textColor": "",
            "icon": "",
            "avatar": "",
            "previewImage": "",
            "infoPopupOnHover": false,
            "version": "119d723f-a746-4739-b24c-b8273b589275"
        },
        {
            "id": "GT12",
            "group": "1121fe68-23e8-4a0a-a9ea-070186d25721",
            "displayName": "CG",
            "color": "",
            "textColor": "",
            "icon": "",
            "avatar": "",
            "previewImage": "",
            "infoPopupOnHover": false,
            "version": "db694c18-6f8d-431a-8861-5f295a3c6f90"
        },
        {
            "id": "GT13",
            "group": "1121fe68-23e8-4a0a-a9ea-070186d25721",
            "displayName": "Card Battle RPG",
            "color": "",
            "textColor": "",
            "icon": "",
            "avatar": "",
            "previewImage": "",
            "infoPopupOnHover": false,
            "version": "8d92e7f0-da03-4034-9947-847140edc18a"
        },
        {
            "id": "GT14",
            "group": "1121fe68-23e8-4a0a-a9ea-070186d25721",
            "displayName": "Cards game",
            "color": "",
            "textColor": "",
            "icon": "",
            "avatar": "",
            "previewImage": "",
            "infoPopupOnHover": false,
            "version": "7344ca2d-12a0-4b38-b151-08abc245c94e"
        },
        {
            "id": "GT15",
            "group": "1121fe68-23e8-4a0a-a9ea-070186d25721",
            "displayName": "Choice Based Novel",
            "color": "",
            "textColor": "",
            "icon": "",
            "avatar": "",
            "previewImage": "",
            "infoPopupOnHover": false,
            "version": "9d45a8b2-fcb5-4c0e-83dd-1cc8a206d60f"
        },
        {
            "id": "GT16",
            "group": "1121fe68-23e8-4a0a-a9ea-070186d25721",
            "displayName": "Combat",
            "color": "",
            "textColor": "",
            "icon": "",
            "avatar": "",
            "previewImage": "",
            "infoPopupOnHover": false,
            "version": "01b65027-54a8-43f4-a66e-910f4f11c5fb"
        },
        {
            "id": "GT17",
            "group": "1121fe68-23e8-4a0a-a9ea-070186d25721",
            "displayName": "Constructor",
            "color": "",
            "textColor": "",
            "icon": "",
            "avatar": "",
            "previewImage": "",
            "infoPopupOnHover": false,
            "version": "9d598128-3d8a-4346-91bc-70023ca3ae10"
        },
        {
            "id": "GT18",
            "group": "1121fe68-23e8-4a0a-a9ea-070186d25721",
            "displayName": "Cross-section View",
            "color": "",
            "textColor": "",
            "icon": "",
            "avatar": "",
            "previewImage": "",
            "infoPopupOnHover": false,
            "version": "edb9768a-e0f1-40a6-bc56-f80a4117f755"
        },
        {
            "id": "GT19",
            "group": "1121fe68-23e8-4a0a-a9ea-070186d25721",
            "displayName": "DOT/Pixel",
            "color": "",
            "textColor": "",
            "icon": "",
            "avatar": "",
            "previewImage": "",
            "infoPopupOnHover": false,
            "version": "2b549867-39d3-4643-b385-26c6fd9a2638"
        },
        {
            "id": "GT20",
            "group": "1121fe68-23e8-4a0a-a9ea-070186d25721",
            "displayName": "DVD PG",
            "color": "",
            "textColor": "",
            "icon": "",
            "avatar": "",
            "previewImage": "",
            "infoPopupOnHover": false,
            "version": "a80c03ed-0665-4653-83df-74ce248ae5bc"
        },
        {
            "id": "GT21",
            "group": "1121fe68-23e8-4a0a-a9ea-070186d25721",
            "displayName": "Dark Souls",
            "color": "",
            "textColor": "",
            "icon": "",
            "avatar": "",
            "previewImage": "",
            "infoPopupOnHover": false,
            "version": "60b51d8c-c332-4c47-99ea-71dbe499d148"
        },
        {
            "id": "GT22",
            "group": "1121fe68-23e8-4a0a-a9ea-070186d25721",
            "displayName": "Data sim",
            "color": "",
            "textColor": "",
            "icon": "",
            "avatar": "",
            "previewImage": "",
            "infoPopupOnHover": false,
            "version": "9d785505-9445-45d8-8042-b2d6ada93fe6"
        },
        {
            "id": "GT23",
            "group": "1121fe68-23e8-4a0a-a9ea-070186d25721",
            "displayName": "Death",
            "color": "",
            "textColor": "",
            "icon": "",
            "avatar": "",
            "previewImage": "",
            "infoPopupOnHover": false,
            "version": "3db3c111-b5dc-4885-8975-45cb414d99bb"
        },
        {
            "id": "GT24",
            "group": "1121fe68-23e8-4a0a-a9ea-070186d25721",
            "displayName": "Fallout",
            "color": "",
            "textColor": "",
            "icon": "",
            "avatar": "",
            "previewImage": "",
            "infoPopupOnHover": false,
            "version": "d2d09f4d-cd2f-4049-9cfd-62108137b915"
        },
        {
            "id": "GT25",
            "group": "1121fe68-23e8-4a0a-a9ea-070186d25721",
            "displayName": "GIF animations",
            "color": "",
            "textColor": "",
            "icon": "",
            "avatar": "",
            "previewImage": "",
            "infoPopupOnHover": false,
            "version": "c076880a-d275-45c9-8a9c-11622a72966a"
        },
        {
            "id": "GT26",
            "group": "1121fe68-23e8-4a0a-a9ea-070186d25721",
            "displayName": "Gacha",
            "color": "",
            "textColor": "",
            "icon": "",
            "avatar": "",
            "previewImage": "",
            "infoPopupOnHover": false,
            "version": "37b51a1d-33c7-4693-8d56-eab691afc3e6"
        },
        {
            "id": "GT27",
            "group": "1121fe68-23e8-4a0a-a9ea-070186d25721",
            "displayName": "Game",
            "color": "",
            "textColor": "",
            "icon": "",
            "avatar": "",
            "previewImage": "",
            "infoPopupOnHover": false,
            "version": "de90ebf1-e3a5-4336-8091-90a0110ed390"
        },
        {
            "id": "GT28",
            "group": "1121fe68-23e8-4a0a-a9ea-070186d25721",
            "displayName": "Gay (Optional)",
            "color": "",
            "textColor": "",
            "icon": "",
            "avatar": "",
            "previewImage": "",
            "infoPopupOnHover": false,
            "version": "12f6dcd4-7fa8-46d3-9684-a6341e95417c"
        },
        {
            "id": "GT29",
            "group": "1121fe68-23e8-4a0a-a9ea-070186d25721",
            "displayName": "Genre",
            "color": "",
            "textColor": "",
            "icon": "",
            "avatar": "",
            "previewImage": "",
            "infoPopupOnHover": false,
            "version": "45ebd814-744e-45a8-aed6-0dddc3a26692"
        },
        {
            "id": "GT30",
            "group": "1121fe68-23e8-4a0a-a9ea-070186d25721",
            "displayName": "Graphic violence",
            "color": "",
            "textColor": "",
            "icon": "",
            "avatar": "",
            "previewImage": "",
            "infoPopupOnHover": false,
            "version": "168b928a-65a9-46eb-8647-d47429618e07"
        },
        {
            "id": "GT31",
            "group": "1121fe68-23e8-4a0a-a9ea-070186d25721",
            "displayName": "Harem (No harem ending)",
            "color": "",
            "textColor": "",
            "icon": "",
            "avatar": "",
            "previewImage": "",
            "infoPopupOnHover": false,
            "version": "6d6066d3-ed4a-4b19-ad38-36a94fbb450c"
        },
        {
            "id": "GT32",
            "group": "1121fe68-23e8-4a0a-a9ea-070186d25721",
            "displayName": "Hermione",
            "color": "",
            "textColor": "",
            "icon": "",
            "avatar": "",
            "previewImage": "",
            "infoPopupOnHover": false,
            "version": "833a410e-c9ed-47d9-b9c8-5eb9aa52780d"
        },
        {
            "id": "GT33",
            "group": "1121fe68-23e8-4a0a-a9ea-070186d25721",
            "displayName": "Indie",
            "color": "",
            "textColor": "",
            "icon": "",
            "avatar": "",
            "previewImage": "",
            "infoPopupOnHover": false,
            "version": "43f7482a-e023-4dff-91d5-84be2e8a3ba3"
        },
        {
            "id": "GT34",
            "group": "1121fe68-23e8-4a0a-a9ea-070186d25721",
            "displayName": "Interactive",
            "color": "",
            "textColor": "",
            "icon": "",
            "avatar": "",
            "previewImage": "",
            "infoPopupOnHover": false,
            "version": "a8dfdf2b-94a6-4778-860f-6bb9f86547c8"
        },
        {
            "id": "GT35",
            "group": "1121fe68-23e8-4a0a-a9ea-070186d25721",
            "displayName": "JRPG",
            "color": "",
            "textColor": "",
            "icon": "",
            "avatar": "",
            "previewImage": "",
            "infoPopupOnHover": false,
            "version": "e99de026-9ff6-4d9a-b287-97310098bc15"
        },
        {
            "id": "GT36",
            "group": "1121fe68-23e8-4a0a-a9ea-070186d25721",
            "displayName": "Jasmine",
            "color": "",
            "textColor": "",
            "icon": "",
            "avatar": "",
            "previewImage": "",
            "infoPopupOnHover": false,
            "version": "fda2b67c-0fb2-4fcb-bdab-87d132bf4291"
        },
        {
            "id": "GT37",
            "group": "1121fe68-23e8-4a0a-a9ea-070186d25721",
            "displayName": "League of Legends",
            "color": "",
            "textColor": "",
            "icon": "",
            "avatar": "",
            "previewImage": "",
            "infoPopupOnHover": false,
            "version": "43d2feb9-31c4-4b7c-8c71-e483f5f4a509"
        },
        {
            "id": "GT38",
            "group": "1121fe68-23e8-4a0a-a9ea-070186d25721",
            "displayName": "MMO",
            "color": "",
            "textColor": "",
            "icon": "",
            "avatar": "",
            "previewImage": "",
            "infoPopupOnHover": false,
            "version": "965f6229-a4c4-4e18-b7f5-411c2fbcd332"
        },
        {
            "id": "GT39",
            "group": "1121fe68-23e8-4a0a-a9ea-070186d25721",
            "displayName": "Mahjong",
            "color": "",
            "textColor": "",
            "icon": "",
            "avatar": "",
            "previewImage": "",
            "infoPopupOnHover": false,
            "version": "fb6b995d-bed1-462b-a6eb-acc872af284a"
        },
        {
            "id": "GT40",
            "group": "1121fe68-23e8-4a0a-a9ea-070186d25721",
            "displayName": "Mahou Shoujo",
            "color": "",
            "textColor": "",
            "icon": "",
            "avatar": "",
            "previewImage": "",
            "infoPopupOnHover": false,
            "version": "82d0d205-63b6-440d-bd10-ad819e34d6ef"
        },
        {
            "id": "GT41",
            "group": "1121fe68-23e8-4a0a-a9ea-070186d25721",
            "displayName": "Management",
            "color": "",
            "textColor": "",
            "icon": "",
            "avatar": "",
            "previewImage": "",
            "infoPopupOnHover": false,
            "version": "ee51ace8-a607-4c65-8b5c-6a6efb3ab449"
        },
        {
            "id": "GT42",
            "group": "1121fe68-23e8-4a0a-a9ea-070186d25721",
            "displayName": "Mini Games",
            "color": "",
            "textColor": "",
            "icon": "",
            "avatar": "",
            "previewImage": "",
            "infoPopupOnHover": false,
            "version": "6444e2dd-7dcd-43d3-bcaa-bcbeb19083a7"
        },
        {
            "id": "GT43",
            "group": "1121fe68-23e8-4a0a-a9ea-070186d25721",
            "displayName": "Models",
            "color": "",
            "textColor": "",
            "icon": "",
            "avatar": "",
            "previewImage": "",
            "infoPopupOnHover": false,
            "version": "6ea82896-4fcc-49c0-a4b3-3e8e7e3009be"
        },
        {
            "id": "GT44",
            "group": "1121fe68-23e8-4a0a-a9ea-070186d25721",
            "displayName": "Mods",
            "color": "",
            "textColor": "",
            "icon": "",
            "avatar": "",
            "previewImage": "",
            "infoPopupOnHover": false,
            "version": "248853b9-3992-4d3c-a21b-295e2f64e8d9"
        },
        {
            "id": "GT45",
            "group": "1121fe68-23e8-4a0a-a9ea-070186d25721",
            "displayName": "Multiplayer",
            "color": "",
            "textColor": "",
            "icon": "",
            "avatar": "",
            "previewImage": "",
            "infoPopupOnHover": false,
            "version": "3f97ad13-b5a5-41c6-a535-7aefe22b85ac"
        },
        {
            "id": "GT46",
            "group": "1121fe68-23e8-4a0a-a9ea-070186d25721",
            "displayName": "Multiple Endings",
            "color": "",
            "textColor": "",
            "icon": "",
            "avatar": "",
            "previewImage": "",
            "infoPopupOnHover": false,
            "version": "12d9f1b1-c92f-4592-a0ff-210951304adb"
        },
        {
            "id": "GT47",
            "group": "1121fe68-23e8-4a0a-a9ea-070186d25721",
            "displayName": "Music play",
            "color": "",
            "textColor": "",
            "icon": "",
            "avatar": "",
            "previewImage": "",
            "infoPopupOnHover": false,
            "version": "6f17702a-3fde-4c8e-ae24-619ccaeceae1"
        },
        {
            "id": "GT48",
            "group": "1121fe68-23e8-4a0a-a9ea-070186d25721",
            "displayName": "OculusRift",
            "color": "",
            "textColor": "",
            "icon": "",
            "avatar": "",
            "previewImage": "",
            "infoPopupOnHover": false,
            "version": "9352446a-6e74-4bff-9612-78f7ac8a5bcd"
        },
        {
            "id": "GT49",
            "group": "1121fe68-23e8-4a0a-a9ea-070186d25721",
            "displayName": "Online",
            "color": "",
            "textColor": "",
            "icon": "",
            "avatar": "",
            "previewImage": "",
            "infoPopupOnHover": false,
            "version": "b43c8e20-3a2e-4624-b97e-52e82866c496"
        },
        {
            "id": "GT50",
            "group": "1121fe68-23e8-4a0a-a9ea-070186d25721",
            "displayName": "Open World",
            "color": "",
            "textColor": "",
            "icon": "",
            "avatar": "",
            "previewImage": "",
            "infoPopupOnHover": false,
            "version": "bdab6ff8-4cf1-4d0f-88c7-b39e0c4794b4"
        },
        {
            "id": "GT51",
            "group": "1121fe68-23e8-4a0a-a9ea-070186d25721",
            "displayName": "Optional",
            "color": "",
            "textColor": "",
            "icon": "",
            "avatar": "",
            "previewImage": "",
            "infoPopupOnHover": false,
            "version": "543da4f9-30b1-4a68-a17a-cb8a50c873cf"
        },
        {
            "id": "GT52",
            "group": "1121fe68-23e8-4a0a-a9ea-070186d25721",
            "displayName": "Platformer",
            "color": "",
            "textColor": "",
            "icon": "",
            "avatar": "",
            "previewImage": "",
            "infoPopupOnHover": false,
            "version": "0c0ff576-3111-4c82-b13e-bcd837c55184"
        },
        {
            "id": "GT53",
            "group": "1121fe68-23e8-4a0a-a9ea-070186d25721",
            "displayName": "Point & click",
            "color": "",
            "textColor": "",
            "icon": "",
            "avatar": "",
            "previewImage": "",
            "infoPopupOnHover": false,
            "version": "2cb1bdf9-5952-47ac-8985-49e2aa801e3e"
        },
        {
            "id": "GT54",
            "group": "1121fe68-23e8-4a0a-a9ea-070186d25721",
            "displayName": "Pose Editor",
            "color": "",
            "textColor": "",
            "icon": "",
            "avatar": "",
            "previewImage": "",
            "infoPopupOnHover": false,
            "version": "0420f9f4-f624-46c9-bc4c-74ca9950ba4e"
        },
        {
            "id": "GT55",
            "group": "1121fe68-23e8-4a0a-a9ea-070186d25721",
            "displayName": "Puzzle",
            "color": "",
            "textColor": "",
            "icon": "",
            "avatar": "",
            "previewImage": "",
            "infoPopupOnHover": false,
            "version": "c721e7b5-6b9a-4665-848f-d963791eb819"
        },
        {
            "id": "GT56",
            "group": "1121fe68-23e8-4a0a-a9ea-070186d25721",
            "displayName": "Quest",
            "color": "",
            "textColor": "",
            "icon": "",
            "avatar": "",
            "previewImage": "",
            "infoPopupOnHover": false,
            "version": "a66c00a8-faac-4629-bac3-14606a383d62"
        },
        {
            "id": "GT57",
            "group": "1121fe68-23e8-4a0a-a9ea-070186d25721",
            "displayName": "Quiz",
            "color": "",
            "textColor": "",
            "icon": "",
            "avatar": "",
            "previewImage": "",
            "infoPopupOnHover": false,
            "version": "c17aaf33-6b56-4e14-b275-723c0fb70ae2"
        },
        {
            "id": "GT58",
            "group": "1121fe68-23e8-4a0a-a9ea-070186d25721",
            "displayName": "RPG",
            "color": "",
            "textColor": "",
            "icon": "",
            "avatar": "",
            "previewImage": "",
            "infoPopupOnHover": false,
            "version": "25750ddf-ac85-461d-b177-9f66b0810067"
        },
        {
            "id": "GT59",
            "group": "1121fe68-23e8-4a0a-a9ea-070186d25721",
            "displayName": "RTS",
            "color": "",
            "textColor": "",
            "icon": "",
            "avatar": "",
            "previewImage": "",
            "infoPopupOnHover": false,
            "version": "27fdb1aa-1bcf-4ec9-b9a4-f6fe2057e02e"
        },
        {
            "id": "GT60",
            "group": "1121fe68-23e8-4a0a-a9ea-070186d25721",
            "displayName": "Rastling",
            "color": "",
            "textColor": "",
            "icon": "",
            "avatar": "",
            "previewImage": "",
            "infoPopupOnHover": false,
            "version": "bc42c9ba-e099-4b62-8225-59d803455b6d"
        },
        {
            "id": "GT61",
            "group": "1121fe68-23e8-4a0a-a9ea-070186d25721",
            "displayName": "River City Girls",
            "color": "",
            "textColor": "",
            "icon": "",
            "avatar": "",
            "previewImage": "",
            "infoPopupOnHover": false,
            "version": "39c965af-360a-4814-8583-7686a8575154"
        },
        {
            "id": "GT62",
            "group": "1121fe68-23e8-4a0a-a9ea-070186d25721",
            "displayName": "Rogue-like",
            "color": "",
            "textColor": "",
            "icon": "",
            "avatar": "",
            "previewImage": "",
            "infoPopupOnHover": false,
            "version": "94ae5fd2-23e8-4096-84c2-850dc0671cbd"
        },
        {
            "id": "GT63",
            "group": "1121fe68-23e8-4a0a-a9ea-070186d25721",
            "displayName": "SLG",
            "color": "",
            "textColor": "",
            "icon": "",
            "avatar": "",
            "previewImage": "",
            "infoPopupOnHover": false,
            "version": "e417692a-cfc4-489a-a812-51c81207f14e"
        },
        {
            "id": "GT64",
            "group": "1121fe68-23e8-4a0a-a9ea-070186d25721",
            "displayName": "SM",
            "color": "",
            "textColor": "",
            "icon": "",
            "avatar": "",
            "previewImage": "",
            "infoPopupOnHover": false,
            "version": "8d02b550-0844-4ddb-a948-2ed08aab2cd5"
        },
        {
            "id": "GT65",
            "group": "1121fe68-23e8-4a0a-a9ea-070186d25721",
            "displayName": "SRPG",
            "color": "",
            "textColor": "",
            "icon": "",
            "avatar": "",
            "previewImage": "",
            "infoPopupOnHover": false,
            "version": "c7442c79-0eff-4bf9-a120-800cadd8d2cc"
        },
        {
            "id": "GT66",
            "group": "1121fe68-23e8-4a0a-a9ea-070186d25721",
            "displayName": "Sailor",
            "color": "",
            "textColor": "",
            "icon": "",
            "avatar": "",
            "previewImage": "",
            "infoPopupOnHover": false,
            "version": "416bec9b-8837-44e2-9b2a-5829010ed394"
        },
        {
            "id": "GT67",
            "group": "1121fe68-23e8-4a0a-a9ea-070186d25721",
            "displayName": "Sandbox",
            "color": "",
            "textColor": "",
            "icon": "",
            "avatar": "",
            "previewImage": "",
            "infoPopupOnHover": false,
            "version": "36620940-66fb-4e58-afc0-db3de26cb6df"
        },
        {
            "id": "GT68",
            "group": "1121fe68-23e8-4a0a-a9ea-070186d25721",
            "displayName": "Sequel",
            "color": "",
            "textColor": "",
            "icon": "",
            "avatar": "",
            "previewImage": "",
            "infoPopupOnHover": false,
            "version": "2f6db80d-600e-453f-bdad-23663727b317"
        },
        {
            "id": "GT69",
            "group": "1121fe68-23e8-4a0a-a9ea-070186d25721",
            "displayName": "Simulator",
            "color": "",
            "textColor": "",
            "icon": "",
            "avatar": "",
            "previewImage": "",
            "infoPopupOnHover": false,
            "version": "a5f8b3af-e92a-4366-a989-090908c7f4d5"
        },
        {
            "id": "GT70",
            "group": "1121fe68-23e8-4a0a-a9ea-070186d25721",
            "displayName": "Shooter",
            "color": "",
            "textColor": "",
            "icon": "",
            "avatar": "",
            "previewImage": "",
            "infoPopupOnHover": false,
            "version": "a59a167c-8d06-410c-b68f-6e522476aa34"
        },
        {
            "id": "GT71",
            "group": "1121fe68-23e8-4a0a-a9ea-070186d25721",
            "displayName": "Side-Scroller",
            "color": "",
            "textColor": "",
            "icon": "",
            "avatar": "",
            "previewImage": "",
            "infoPopupOnHover": false,
            "version": "ff692128-0d10-435c-9717-3e86a4879025"
        },
        {
            "id": "GT72",
            "group": "1121fe68-23e8-4a0a-a9ea-070186d25721",
            "displayName": "Singleplayer",
            "color": "",
            "textColor": "",
            "icon": "",
            "avatar": "",
            "previewImage": "",
            "infoPopupOnHover": false,
            "version": "a82460e5-2d60-487c-870d-610e0006dccf"
        },
        {
            "id": "GT73",
            "group": "1121fe68-23e8-4a0a-a9ea-070186d25721",
            "displayName": "Skyrim",
            "color": "",
            "textColor": "",
            "icon": "",
            "avatar": "",
            "previewImage": "",
            "infoPopupOnHover": false,
            "version": "6c2887d5-66f4-4f25-9a49-af4d8f2518f5"
        },
        {
            "id": "GT74",
            "group": "1121fe68-23e8-4a0a-a9ea-070186d25721",
            "displayName": "Slasher",
            "color": "",
            "textColor": "",
            "icon": "",
            "avatar": "",
            "previewImage": "",
            "infoPopupOnHover": false,
            "version": "0d7275b7-3dd2-493a-881b-18e9f020dba8"
        },
        {
            "id": "GT75",
            "group": "1121fe68-23e8-4a0a-a9ea-070186d25721",
            "displayName": "Star Wars",
            "color": "",
            "textColor": "",
            "icon": "",
            "avatar": "",
            "previewImage": "",
            "infoPopupOnHover": false,
            "version": "f4a095c0-1b83-45ff-b584-00f84c7ea136"
        },
        {
            "id": "GT76",
            "group": "1121fe68-23e8-4a0a-a9ea-070186d25721",
            "displayName": "Strategy",
            "color": "",
            "textColor": "",
            "icon": "",
            "avatar": "",
            "previewImage": "",
            "infoPopupOnHover": false,
            "version": "2b14b74b-a736-4789-91e1-fac614312ca5"
        },
        {
            "id": "GT77",
            "group": "1121fe68-23e8-4a0a-a9ea-070186d25721",
            "displayName": "Tower Defense",
            "color": "",
            "textColor": "",
            "icon": "",
            "avatar": "",
            "previewImage": "",
            "infoPopupOnHover": false,
            "version": "b39fa167-5983-4147-b265-57de204e5ee4"
        },
        {
            "id": "GT78",
            "group": "1121fe68-23e8-4a0a-a9ea-070186d25721",
            "displayName": "TK17",
            "color": "",
            "textColor": "",
            "icon": "",
            "avatar": "",
            "previewImage": "",
            "infoPopupOnHover": false,
            "version": "9c7fbaf9-4ad2-4f3b-bb84-46a211a26b5f"
        },
        {
            "id": "GT79",
            "group": "1121fe68-23e8-4a0a-a9ea-070186d25721",
            "displayName": "TPS",
            "color": "",
            "textColor": "",
            "icon": "",
            "avatar": "",
            "previewImage": "",
            "infoPopupOnHover": false,
            "version": "14026315-0011-4643-b730-fe232914dd65"
        },
        {
            "id": "GT80",
            "group": "1121fe68-23e8-4a0a-a9ea-070186d25721",
            "displayName": "TRPG",
            "color": "",
            "textColor": "",
            "icon": "",
            "avatar": "",
            "previewImage": "",
            "infoPopupOnHover": false,
            "version": "ccaefcb9-524f-445b-8791-fb32bcf0a283"
        },
        {
            "id": "GT81",
            "group": "1121fe68-23e8-4a0a-a9ea-070186d25721",
            "displayName": "Tan",
            "color": "",
            "textColor": "",
            "icon": "",
            "avatar": "",
            "previewImage": "",
            "infoPopupOnHover": false,
            "version": "60a195f1-d1aa-4587-8948-640c7ac5bc3c"
        },
        {
            "id": "GT82",
            "group": "1121fe68-23e8-4a0a-a9ea-070186d25721",
            "displayName": "Teen Titans",
            "color": "",
            "textColor": "",
            "icon": "",
            "avatar": "",
            "previewImage": "",
            "infoPopupOnHover": false,
            "version": "4cb010f0-d6fc-451c-b551-9ab91ef0fb4b"
        },
        {
            "id": "GT83",
            "group": "1121fe68-23e8-4a0a-a9ea-070186d25721",
            "displayName": "Underworld",
            "color": "",
            "textColor": "",
            "icon": "",
            "avatar": "",
            "previewImage": "",
            "infoPopupOnHover": false,
            "version": "1e8edc50-ee09-4ae8-a361-3dbb991c5e6e"
        },
        {
            "id": "GT84",
            "group": "1121fe68-23e8-4a0a-a9ea-070186d25721",
            "displayName": "Voiced",
            "color": "",
            "textColor": "",
            "icon": "",
            "avatar": "",
            "previewImage": "",
            "infoPopupOnHover": false,
            "version": "37ecbcf4-856e-4c8c-a5d3-b05e17971b82"
        },
        {
            "id": "GT85",
            "group": "1121fe68-23e8-4a0a-a9ea-070186d25721",
            "displayName": "Vore",
            "color": "",
            "textColor": "",
            "icon": "",
            "avatar": "",
            "previewImage": "",
            "infoPopupOnHover": false,
            "version": "a188e426-8b75-4121-ab88-1407c16996d8"
        },
        {
            "id": "GT86",
            "group": "1121fe68-23e8-4a0a-a9ea-070186d25721",
            "displayName": "War/Battlefield",
            "color": "",
            "textColor": "",
            "icon": "",
            "avatar": "",
            "previewImage": "",
            "infoPopupOnHover": false,
            "version": "d2510195-06a4-493f-bca6-3b8b141c12c0"
        },
        {
            "id": "GT87",
            "group": "1121fe68-23e8-4a0a-a9ea-070186d25721",
            "displayName": "Casual",
            "color": "",
            "textColor": "",
            "icon": "",
            "avatar": "",
            "previewImage": "",
            "infoPopupOnHover": false,
            "version": "b3b85530-1771-44f3-9a5f-428576964069"
        },
        {
            "id": "GT88",
            "group": "1121fe68-23e8-4a0a-a9ea-070186d25721",
            "displayName": "No sexual content",
            "color": "",
            "textColor": "",
            "icon": "",
            "avatar": "",
            "previewImage": "",
            "infoPopupOnHover": false,
            "version": "c79a5117-7417-4ac3-b3c4-3a57694261c7"
        },
        {
            "id": "GT89",
            "group": "1121fe68-23e8-4a0a-a9ea-070186d25721",
            "displayName": "Japanese game",
            "color": "",
            "textColor": "",
            "icon": "",
            "avatar": "",
            "previewImage": "",
            "infoPopupOnHover": false,
            "version": "9759c6a9-1b45-4605-8800-aea0c8e8cc85"
        },
        {
            "id": "GT90",
            "group": "1121fe68-23e8-4a0a-a9ea-070186d25721",
            "displayName": "Text based",
            "color": "",
            "textColor": "",
            "icon": "",
            "avatar": "",
            "previewImage": "",
            "infoPopupOnHover": false,
            "version": "abb994b3-3774-4c2a-931c-5587b2070b77"
        },
        {
            "id": "GT91",
            "group": "1121fe68-23e8-4a0a-a9ea-070186d25721",
            "displayName": "Character creation",
            "color": "",
            "textColor": "",
            "icon": "",
            "avatar": "",
            "previewImage": "",
            "infoPopupOnHover": false,
            "version": "9cdb8539-7c36-46ab-92c4-fb264a68bb69"
        },
        {
            "id": "GT92",
            "group": "1121fe68-23e8-4a0a-a9ea-070186d25721",
            "displayName": "TBT",
            "color": "",
            "textColor": "",
            "icon": "",
            "avatar": "",
            "previewImage": "",
            "infoPopupOnHover": false,
            "version": "5e5d1218-f5eb-4e64-9453-b634f9798bc9"
        }
    ],
    "groupData": {
        "id": "1121fe68-23e8-4a0a-a9ea-070186d25721",
        "name": "Games types",
        "prefix": "GT"
    },
    "name": "Games types",
    "version": "cadbb0e5-4b55-4845-b80f-434de6c86cd3",
    "contentType": "tags",
    "remotePath": "packs/tags/1121fe68-23e8-4a0a-a9ea-070186d25721.zip"
}